{
	"name": "fallout5e",
	"title": "Fallout5e",
	"description": "MODULE FOR PERSONAL USE ONLY: Fallout 5e support.",

	"esmodules": [
		"./src/fallout5e.js"
	],
	"styles":[
		"./styles/fallout5e.css"
	],
	"packs": [
        {
			"name": "backgrounds-fallout",
			"label": "Backgrounds (Fallout)",
			"system": "dnd5e",
			"path": "./packs/backgrounds-fallout.db",
			"entity": "Item"
		}
	  ],

	"system": "dnd5e",
	"author": "Parker (sparkcities#2000)",
	"version": "0.3",
	"minimumCoreVersion": "0.6.5",
	"compatibleCoreVersion": "0.6.6",
	"url": "https://github.com/sparkcity/fallout5e",
	"manifest": "https://raw.githubusercontent.com/sparkcity/fallout5e/master/module.json",
	"download": "https://github.com/sparkcity/fallout5e/raw/master/module.zip",
	"readme": "https://github.com/sparkcity/fallout5e/blob/master/README.md"
  }